"номер","тип_задачи","текст_задачи","изображение","выполнено","правильный_ответ"
"1","Уравнения","Решите уравнение: 2x + 5 = 13","","False","4"
"2","Уравнения","Решите уравнение: 3(x - 4) = 15","","False","9"
"3","Уравнения","Решите уравнение: x² - 5x + 6 = 0","","False","2;3"
"4","Уравнения","Решите уравнение: 2x² + 3x - 2 = 0","","False","0.5;-2"
"5","Уравнения","Решите уравнение: √(x + 2) = 3","","False","7"
"6","Уравнения","Решите уравнение: |x - 3| = 7","","False","10;-4"
"7","Уравнения","Решите уравнение: 2ˣ = 16","","False","4"
"8","Уравнения","Решите уравнение: log₃(x) = 4","","False","81"
"9","Уравнения","Решите уравнение: sin(x) = 1/2 на отрезке [0; 2π]","","False","π/6;5π/6"
"10","Уравнения","Решите уравнение: cos(2x) = 1/2 на отрезке [0; π]","","False","π/6;5π/6"
"11","Неравенства","Решите неравенство: 3x - 7 > 5","","False","x>4"
"12","Неравенства","Решите неравенство: 2x + 1 ≤ x - 3","","False","x≤-4"
"13","Неравенства","Решите неравенство: x² - 9 < 0","","False","-3<x<3"
"14","Неравенства","Решите неравенство: (x-2)(x+4) ≥ 0","","False","x≤-4;x≥2"
"15","Неравенства","Решите неравенство: 2ˣ > 8","","False","x>3"
"16","Неравенства","Решите неравенство: log₂(x) < 4","","False","0<x<16"
"17","Неравенства","Решите неравенство: |x + 2| ≤ 5","","False","-7≤x≤3"
"18","Неравенства","Решите неравенство: √(x-1) > 2","","False","x>5"
"19","Неравенства","Решите неравенство: (x-3)/(x+2) > 0","","False","x<-2;x>3"
"20","Неравенства","Решите неравенство: x² + 4x + 3 ≤ 0","","False","-3≤x≤-1"
"21","Производная","Найдите производную функции: f(x) = 4x³ - 2x² + x - 5","","False","12x²-4x+1"
"22","Производная","Найдите производную функции: f(x) = sin(x) - cos(x)","","False","cos(x)+sin(x)"
"23","Производная","Найдите производную функции: f(x) = eˣ + ln(x)","","False","eˣ+1/x"
"24","Производная","Найдите производную функции: f(x) = (x+3)⁴","","False","4(x+3)³"
"25","Производная","Найдите производную функции: f(x) = x·sin(x)","","False","sin(x)+x·cos(x)"
"26","Производная","Найдите производную функции: f(x) = √x + 1/x","","False","1/(2√x)-1/x²"
"27","Производная","Найдите производную функции: f(x) = tg(x)","","False","1/cos²(x)"
"28","Производная","Найдите производную функции: f(x) = ln(x²)","","False","2/x"
"29","Производная","Найдите производную функции: f(x) = 2ˣ","","False","2ˣ·ln2"
"30","Производная","Найдите производную функции: f(x) = 3x⁵ - 4x³ + 2x - 1","","False","15x⁴-12x²+2"
"31","Геометрия","В прямоугольном треугольнике катеты равны 6 и 8. Найдите гипотенузу","","True","10"
"32","Геометрия","В прямоугольном треугольнике гипотенуза равна 25, один катет равен 7. Найдите другой катет","","False","24"
"33","Геометрия","В прямоугольном треугольнике катеты равны 5 и 12. Найдите площадь","","False","30"
"34","Геометрия","В прямоугольном треугольнике высота к гипотенузе равна 12, проекция одного катета равна 9. Найдите гипотенузу","","False","25"
"35","Геометрия","В равностороннем треугольнике со стороной 6 найдите высоту","","False","3√3"
"36","Геометрия","В равностороннем треугольнике со стороной 8 найдите площадь","","False","16√3"
"37","Геометрия","В равнобедренном треугольнике основание равно 10, боковая сторона 13. Найдите площадь","","False","60"
"38","Геометрия","В равнобедренной трапеции основания равны 5 и 11, боковая сторона равна 5. Найдите высоту","","False","4"
"39","Геометрия","В прямоугольной трапеции основания равны 4 и 10, большая боковая сторона равна 10. Найдите площадь","","False","70"
"40","Геометрия","В параллелограмме стороны равны 5 и 8, острый угол равен 60°. Найдите площадь","","False","20√3"
"41","Геометрия","В ромбе сторона равна 13, одна диагональ равна 24. Найдите другую диагональ","","False","10"
"42","Геометрия","В ромбе диагонали равны 12 и 16. Найдите площадь","","False","96"
"43","Геометрия","В круге радиусом 10 найдите длину окружности (π ≈ 3.14)","","False","62.8"
"44","Геометрия","В круге радиусом 6 найдите площадь круга (π ≈ 3.14)","","False","113.04"
"45","Геометрия","Центральный угол окружности равен 60°, радиус равен 6. Найдите длину дуги (π ≈ 3.14)","","False","6.28"
"46","Стереометрия","В кубе с ребром 5 найдите объем","","False","125"
"47","Стереометрия","В кубе с ребром 4 найдите площадь полной поверхности","","False","96"
"48","Стереометрия","В прямоугольном параллелепипеде измерения 3, 4, 12. Найдите длину диагонали","","False","13"
"49","Стереометрия","В прямоугольном параллелепипеде измерения 2, 3, 6. Найдите объем","","False","36"
"50","Стереометрия","В цилиндре радиус основания 4, высота 7. Найдите объем (π ≈ 3.14)","","False","351.68"
"51","Стереометрия","В цилиндре радиус основания 5, высота 8. Найдите площадь боковой поверхности (π ≈ 3.14)","","False","251.2"
"52","Стереометрия","В конусе радиус основания 6, высота 8. Найдите образующую","","False","10"
"53","Стереометрия","В конусе радиус основания 3, образующая 5. Найдите высоту","","False","4"
"54","Стереометрия","В шаре радиусом 10 найдите объем (π ≈ 3.14)","","False","4186.67"
"55","Стереометрия","В правильной треугольной пирамиде сторона основания 6, высота 4. Найдите объем","","False","12√3"
"56","Стереометрия","В правильной четырехугольной пирамиде сторона основания 8, высота 3. Найдите объем","","False","64"
"57","Стереометрия","В правильной шестиугольной призме сторона основания 2, высота 5. Найдите объем","","False","30√3"
"58","Стереометрия","В правильной треугольной призме сторона основания 4, высота 10. Найдите объем","","False","40√3"
"59","Стереометрия","В сфере радиусом 7 найдите площадь поверхности (π ≈ 3.14)","","False","615.44"
"60","Стереометрия","В усеченном конусе радиусы оснований 3 и 6, высота 4. Найдите образующую","","False","5"
"61","Тригонометрия","Найдите sin(45°)","","False","√2/2"
"62","Тригонометрия","Найдите cos(30°)","","False","√3/2"
"63","Тригонометрия","Найдите tg(60°)","","False","√3"
"64","Тригонометрия","Упростите выражение: sin²(x) + cos²(x)","","False","1"
"65","Тригонометрия","Упростите выражение: 1 + tg²(x)","","False","1/cos²(x)"
"66","Тригонометрия","Найдите значение выражения: sin(π/4) + cos(π/4)","","False","√2"
"67","Тригонометрия","Найдите значение выражения: 2sin(30°)cos(30°)","","False","√3/2"
"68","Тригонометрия","Найдите наименьшее значение функции: y = 3 - 2cos(x)","","False","1"
"69","Тригонометрия","Найдите наибольшее значение функции: y = 5 + sin(x)","","False","6"
"70","Тригонометрия","Найдите период функции: y = cos(3x)","","False","2π/3"
"71","Логарифмы","Найдите значение: log₂(16)","","False","4"
"72","Логарифмы","Найдите значение: log₃(81)","","False","4"
"73","Логарифмы","Найдите значение: log₅(125)","","False","3"
"74","Логарифмы","Найдите значение: ln(e⁵)","","False","5"
"75","Логарифмы","Найдите значение: log(10000)","","False","4"
"76","Логарифмы","Упростите выражение: log₂(8) + log₂(4)","","False","5"
"77","Логарифмы","Упростите выражение: log₃(27) - log₃(9)","","False","1"
"78","Логарифмы","Упростите выражение: 2log₅(5) + log₅(25)","","False","4"
"79","Логарифмы","Найдите значение: log₄(2)","","False","0.5"
"80","Логарифмы","Найдите значение: log₂₇(3)","","False","1/3"
"81","Прогрессии","Найдите 5-й член арифметической прогрессии: 2, 5, 8, ...","","False","14"
"82","Прогрессии","Найдите сумму первых 10 членов арифметической прогрессии: 1, 3, 5, ...","","False","100"
"83","Прогрессии","Найдите 6-й член геометрической прогрессии: 3, 6, 12, ...","","False","96"
"84","Прогрессии","Найдите сумму первых 5 членов геометрической прогрессии: 2, 4, 8, ...","","False","62"
"85","Прогрессии","Найдите сумму бесконечно убывающей геометрической прогрессии: 16, 8, 4, ...","","False","32"
"86","Прогрессии","Разность арифметической прогрессии равна 3, первый член равен 2. Найдите 10-й член","","False","29"
"87","Прогрессии","Знаменатель геометрической прогрессии равен 2, первый член равен 5. Найдите 6-й член","","False","160"
"88","Прогрессии","Сумма первых 5 членов арифметической прогрессии равна 55, первый член равен 5. Найдите разность","","False","3"
"89","Прогрессии","Сумма первых 4 членов геометрической прогрессии равна 30, первый член равен 2. Найдите знаменатель","","False","2"
"90","Прогрессии","В арифметической прогрессии a₁=3, d=4. Найдите сумму первых 8 членов","","False","136"
"91","Теория вероятностей","Вероятность выпадения орла при подбрасывании монеты","","False","0.5"
"92","Теория вероятностей","Вероятность выпадения 5 на игральной кости","","False","1/6"
"93","Теория вероятностей","Вероятность выпадения четного числа на игральной кости","","False","0.5"
"94","Теория вероятностей","В колоде 36 карт. Вероятность вытащить туза","","False","1/9"
"95","Теория вероятностей","Брошены две монеты. Вероятность, что выпадут два орла","","False","0.25"
"96","Теория вероятностей","Брошены две игральные кости. Вероятность, что сумма очков равна 8","","False","5/36"
"97","Теория вероятностей","В урне 3 белых и 7 черных шаров. Вероятность вытащить белый шар","","False","0.3"
"98","Теория вероятностей","Вероятность, что случайно выбранное двузначное число делится на 11","","False","1/10"
"99","Теория вероятностей","В лотерее 100 билетов, 10 выигрышных. Вероятность выигрыша при покупке одного билета","","False","0.1"
"100","Теория вероятностей","Вероятность, что при двух бросках монеты хотя бы раз выпадет орел","","False","0.75"
"101","Теория вероятностей","В случайном эксперименте бросают две правильные игральные кости. Найдите вероятность того, что сумма выпавших очков равна 8.","","False","5/36"
"102","Теория вероятностей","Симметричную монету бросают три раза. Найдите вероятность того, что орёл выпадет ровно два раза.","","False","3/8"
"103","Теория вероятностей","В урне 5 белых и 7 чёрных шаров. Из урны наугад вынимают два шара без возвращения. Найдите вероятность того, что второй шар окажется белым, при условии, что первый был чёрным.","","False","5/11"
"104","Теория вероятностей","На фабрике 30% продукции производит автомат А, остальное — автомат В. Брак у автомата А составляет 2%, у автомата В — 4%. Найдите вероятность того, что наугад взятое изделие окажется бракованным.","","False","17/500"
"105","Теория вероятностей","Вероятность попадания в цель при одном выстреле равна 0.7. Производится 5 выстрелов. Найдите вероятность того, что будет ровно 3 попадания.","","False","0.3087"
"106","Теория вероятностей","На отрезок [0; 2] наудачу брошена точка. Найдите вероятность того, что её координата меньше 0.5.","","False","0.25"
"107","Теория вероятностей","Из 10 человек случайным образом выбирают комитет из 3 человек. Какова вероятность того, что два определённых человека (А и Б) оба попадут в комитет?","","False","1/15"
"108","Теория вероятностей","Случайная величина X имеет распределение: P(X=1)=0.2, P(X=2)=0.5, P(X=3)=0.3. Найдите математическое ожидание X.","","False","2.1"
"109","Теория вероятностей","Проверьте, являются ли независимыми события А и В, если P(A)=0.5, P(B)=0.6, P(A∩B)=0.3. Ответ дайте словом 'да' или 'нет'.","","False","да"
"110","Теория вероятностей","В некоторой местности 95% людей здоровы, 5% больны некоторой болезнью. Тест на болезнь даёт положительный результат у 90% больных и у 2% здоровых. Найдите вероятность того, что человек действительно болен, если тест положительный.","","False","45/64"
"111","Теория вероятностей","Из колоды в 36 карт наугад вытягивают одну карту. Найдите вероятность того, что эта карта либо туз, либо пиковой масти.","","False","1/3"
"112","Теория вероятностей","Брошена правильная игральная кость. Найдите вероятность того, что выпало число очков, кратное 3, при условии, что выпало чётное число.","","False","1/3"
"113","Теория вероятностей","В корзине 10 белых, 5 красных и 3 синих шара. Найдите вероятность того, что извлечённый наугад шар окажется белым или красным.","","False","5/6"
"114","Теория вероятностей","Два друга договорились встретиться в промежутке от 12:00 до 13:00. Каждый приходит в случайный момент времени и ждёт 15 минут, после чего уходит. Найдите вероятность того, что они встретятся.","","False","7/16"
"115","Теория вероятностей","Стрелок стреляет по мишени 3 раза. Вероятность попадания при первом выстреле 0.6, при втором 0.7, при третьем 0.8. Найдите вероятность того, что будет ровно два попадания.","","False","0.452"
"116","Теория вероятностей","В лотерее 100 билетов. Из них 2 выигрыша по 500 руб., 5 выигрышей по 100 руб., остальные без выигрыша. Найдите математическое ожидание выигрыша для владельца одного билета.","","False","15"
"117","Теория вероятностей","Игральную кость бросают 60 раз. Пусть X – число выпадений шестёрки. Найдите дисперсию X.","","False","25/3"
"118","Теория вероятностей","Из колоды в 36 карт наугад вытягивают одну карту. Найдите вероятность того, что это туз или черва.","","False","1/3"
"119","Теория вероятностей","В коробке 10 деталей, среди которых 3 бракованных. Наугад вынимают две детали без возвращения. Найдите вероятность того, что обе детали бракованные.","","False","1/15"
"120","Теория вероятностей","Вероятность появления события в каждом испытании равна 0.2. Сколько необходимо провести испытаний, чтобы с вероятностью не менее 0.95 можно было утверждать, что относительная частота события отличается от вероятности не более чем на 0.05? Используйте неравенство Чебышева.","","False","1280"
"121","Стереометрия","В кубе ABCDA₁B₁C₁D₁ найдите угол между прямыми A₁C₁ и BD.","","False","90°"
"122","Стереометрия","В правильной треугольной пирамиде SABC (S – вершина) ребро основания равно 6, боковое ребро равно 5. Найдите угол между боковым ребром SA и плоскостью основания.","","False","arccos(2√3/5)"
"123","Стереометрия","В правильной четырёхугольной пирамиде SABCD (S – вершина) сторона основания равна 4, апофема равна 5. Найдите угол между боковой гранью и плоскостью основания.","","False","arccos(0.4)"
"124","Стереометрия","В единичном кубе ABCDA₁B₁C₁D₁ найдите расстояние от точки A до плоскости BDA₁.","","False","√3/3"
"125","Стереометрия","В правильной треугольной призме ABCA₁B₁C₁, все рёбра которой равны 1, найдите расстояние между прямыми AB и A₁C₁.","","False","1"
"126","Стереометрия","Основанием прямой призмы является ромб с диагоналями 6 и 8. Высота призмы равна 10. Найдите объём призмы.","","False","240"
"127","Стереометрия","В правильной треугольной пирамиде сторона основания равна 6, а боковое ребро наклонено к плоскости основания под углом 60°. Найдите объём пирамиды.","","False","18√3"
"128","Стереометрия","Цилиндр получен вращением прямоугольника со сторонами 4 и 7 вокруг большей стороны. Найдите площадь полной поверхности цилиндра.","","False","88π"
"129","Стереометрия","Образующая конуса равна 10, а радиус основания – 6. Найдите объём конуса.","","False","96π"
"130","Стереометрия","Площадь сечения шара плоскостью, проходящей через его центр, равна 25π. Найдите объём шара.","","False","500π/3"
"131","Стереометрия","Шар радиуса 5 вписан в цилиндр так, что он касается оснований и боковой поверхности. Найдите высоту цилиндра.","","False","10"
"132","Стереометрия","В кубе ABCDA₁B₁C₁D₁ с ребром 2 постройте сечение через вершины A, C₁ и середину ребра B₁C₁. Найдите его площадь.","","False","3√6/2"
"133","Стереометрия","В правильной шестиугольной призме ABCDEFA₁B₁C₁D₁E₁F₁, все рёбра которой равны 1, найдите косинус угла между прямыми AB₁ и BC₁.","","False","0.75"
"134","Стереометрия","В тетраэдре ABCD: AB = AC = AD = 5, BC = CD = DB = 6. Найдите косинус угла между плоскостями ABC и ABD.","","False","1/5"
"135","Стереометрия","В правильной четырёхугольной пирамиде сторона основания равна 2√2, а боковое ребро равно √5. Найдите радиус описанной сферы.","","False","5/2"
"136","Стереометрия","В конус, образующая которого наклонена к плоскости основания под углом 30°, вписана сфера радиуса 2. Найдите высоту конуса.","","False","6"
"137","Стереометрия","В правильной треугольной пирамиде SABC с вершиной S сторона основания равна 6, высота пирамиды равна 3. Плоскость, параллельная основанию, пересекает высоту в точке, делящей её в отношении 1:2 (от вершины). Найдите площадь сечения.","","False","4√3"
"138","Стереометрия","Радиусы оснований усечённого конуса равны 3 и 6, высота равна 4. Найдите объём усечённого конуса.","","False","84π"
"139","Стереометрия","Ребро правильного тетраэдра равно a. Найдите расстояние между его скрещивающимися рёбрами.","","False","a√2/2"
"140","Стереометрия","Цилиндр, радиус основания которого 3, а высота 4, описан около правильной треугольной призмы (основания призмы вписаны в основания цилиндра). Найдите площадь полной поверхности призмы.","","False","54√3 + 72"
"141","Геометрия","В треугольнике ABC угол A равен 60°, сторона AB = 5, AC = 8. Найдите сторону BC.","","False","7"
"142","Геометрия","Около окружности радиуса 3 описан равнобедренный треугольник с основанием 10. Найдите боковую сторону треугольника.","","False","10"
"143","Геометрия","В прямоугольном параллелепипеде ABCDA₁B₁C₁D₁ ребра AB = 3, AD = 4, AA₁ = 12. Найдите угол между диагональю B₁D и плоскостью основания ABCD.","","False","arctg(12/5)"
"144","Геометрия","В правильной шестиугольной призме все ребра равны 1. Найдите расстояние от вершины A до плоскости BCD₁.","","False","√3/2"
"145","Геометрия","Две окружности радиусов 5 и 3 касаются внешним образом. Найдите расстояние от точки касания до общей внешней касательной.","","False","2√15/3"
"146","Геометрия","В трапеции ABCD с основаниями AD = 10 и BC = 4 диагонали пересекаются в точке O. Найдите отношение площадей треугольников AOD и BOC.","","False","25/4"
"147","Геометрия","Сфера радиуса 10 касается всех граней правильной треугольной пирамиды. Найдите высоту пирамиды, если апофема равна 13.","","False","12"
"148","Геометрия","В равнобедренном треугольнике боковая сторона равна 17, а основание – 16. Найдите радиус вписанной окружности.","","False","16/3"
"149","Геометрия","Через вершину прямого угла C прямоугольного треугольника ABC проведена плоскость α, параллельная гипотенузе AB. Проекции катетов на эту плоскость равны 4 и 6. Найдите длину гипотенузы.","","False","2√13"
"150","Геометрия","В цилиндр вписана правильная треугольная призма так, что её основания вписаны в основания цилиндра. Радиус цилиндра равен 2√3, высота цилиндра равна 5. Найдите объём призмы.","","False","45√3"
"151","Геометрия","Площадь боковой поверхности конуса в два раза больше площади основания. Найдите угол при вершине осевого сечения конуса.","","False","60°"
"152","Геометрия","В параллелограмме ABCD угол A равен 60°, AB = 6, AD = 8. Найдите длину большей диагонали.","","False","2√37"
"153","Геометрия","В кубе ABCDA₁B₁C₁D₁ с ребром 4 найдите расстояние от точки A до прямой B₁D.","","False","4√6/3"
"154","Геометрия","Отрезок, соединяющий середины противоположных сторон выпуклого четырёхугольника, делит его площадь пополам. Докажите, что этот четырёхугольник – параллелограмм. (В ответе укажите слово)","","False","параллелограмм"
"155","Геометрия","Около конуса описана сфера (сфера содержит окружность основания и вершину конуса). Радиус сферы равен 5, радиус основания конуса равен 4. Найдите высоту конуса.","","False","8"
"156","Геометрия","В треугольник со сторонами 13, 14, 15 вписана окружность. Найдите расстояние от центра окружности до вершины большего угла.","","False","√65"
"157","Геометрия","В правильной четырёхугольной пирамиде сторона основания равна 6, а боковое ребро наклонено к плоскости основания под углом 45°. Найдите площадь сферы, описанной около пирамиды.","","False","72π"
"158","Геометрия","Площадь треугольника равна 24, а две его стороны равны 8 и 12. Найдите угол между этими сторонами (в градусах).","","False","30° или 150°"
"159","Геометрия","В прямоугольном параллелепипеде диагональ равна 13, а диагонали двух смежных граней равны 12 и 3√17. Найдите объём параллелепипеда.","","False","144"
"160","Геометрия","Вокруг окружности радиуса 2 описана равнобокая трапеция с острым углом 30°. Найдите площадь трапеции.","","False","32"
"161","Логарифмы","Вычислите: log₂ 8 + log₃ 27","","False","6"
"162","Логарифмы","Найдите значение выражения: log₅ 125 – log₅ 5","","False","2"
"163","Логарифмы","Решите уравнение: log₃ (x+2) = 2","","False","7"
"164","Логарифмы","Решите уравнение: log₂ (3x-1) = log₂ (x+5)","","False","3"
"165","Логарифмы","Решите неравенство: log₀,₅ (2x-1) > -1","","False","(0.5; 1.5)"
"166","Логарифмы","Вычислите: log₂ 24 – log₂ 3","","False","3"
"167","Логарифмы","Вычислите: log₉ 27","","False","1.5"
"168","Логарифмы","Решите уравнение: log₂ (x² – 3x) = log₂ (2x – 6)","","False","6"
"169","Логарифмы","Решите неравенство: log₃ x > log₉ 36","","False","(6; +∞)"
"170","Логарифмы","Найдите область определения функции: y = log₂ (4 – x²)","","False","(-2; 2)"
"171","Логарифмы","Найдите производную функции: y = ln(3x+1)","","False","3/(3x+1)"
"172","Логарифмы","Вычислите: ∫(1/x) dx от 1 до e","","False","1"
"173","Логарифмы","Вычислите: log₂ 8³","","False","9"
"174","Логарифмы","Решите уравнение: 3^(log₃ (x+2)) = 5","","False","3"
"175","Логарифмы","Вычислите: logₐ (bc), если logₐ b = 3, logₐ c = 4","","False","7"
"176","Логарифмы","Решите неравенство: log₀,₅² x – 3 log₀,₅ x + 2 ≤ 0","","False","[0.25; 0.5]"
"177","Логарифмы","Вычислите: lg 2 + lg 5","","False","1"
"178","Логарифмы","Вычислите: ln e³ – ln 1","","False","3"
"179","Логарифмы","Решите уравнение: log₂ |x-1| = 2","","False","-3 или 5"
"180","Логарифмы","Решите систему: { log₂ x + log₂ y = 3, x + y = 6 }","","False","(2;4) или (4;2)"
"181","Логарифмы","Укажите асимптоту графика функции y = log₂ (x-3)","","False","x=3"
"182","Логарифмы","Вычислите: log_{4} 8","","False","1.5"
"183","Логарифмы","Решите уравнение: log_{x} 16 = 2","","False","4"
"184","Логарифмы","Решите неравенство: log_{x} (x+2) > 0","","False","(0;1) ∪ (2;+∞)"
"185","Логарифмы","Решите уравнение: 5^(x) = 7","","False","log₅ 7"
"186","Логарифмы","Решите уравнение: log₃ (2x-1) – log₃ (x-2) = 1","","False","5"
"187","Логарифмы","Найдите lg 25 + lg 4","","False","2"
"188","Логарифмы","Сравните числа: log₂ 3 и log₂ 5","","False","log₂ 3 < log₂ 5"
"189","Логарифмы","Решите уравнение: lg(x² – 9) = lg(4x)","","False","нет корней"
"190","Логарифмы","Решите неравенство: log₃ (x² – 4x) ≤ 1 + log₃ (x-4)","","False","(4; 5]"
"191","Логарифмы","Решите уравнение: 2^(log₂ (x+1)) = x² – 3","","False","2"
"192","Логарифмы","Вычислите предел: lim_{x→0} ln(1+x)/x","","False","1"
"193","Логарифмы","Найдите производную: y = ln(sin x)","","False","ctg x"
"194","Логарифмы","Найдите ∫ (1/(x ln x)) dx","","False","ln|ln x| + C"
"195","Логарифмы","При всех значениях a решите неравенство: log_a (x) > 0","","False","a>1: x>1; 0<a<1: 0<x<1"
"196","Логарифмы","Вычислите: log₂ (√(32))","","False","2.5"
"197","Логарифмы","Упростите: a^(log_a b)","","False","b"
"198","Логарифмы","Решите уравнение: log₂ x = log₉ x","","False","1"
"199","Логарифмы","Составьте уравнение касательной к графику y = ln x в точке x=1","","False","y = x-1"
"200","Логарифмы","Выразите log_{ab} c через log_a c и log_b c (a,b,c>0, a,b≠1)","","False","(1) / (1/log_c a + 1/log_c b)"
"201","Неравенства","Решите неравенство: 3x – 7 > 2x + 5","","False","(12; +∞)"
"202","Неравенства","Решите неравенство: x² – 5x + 6 ≤ 0","","False","[2; 3]"
"203","Неравенства","Решите неравенство: x² + 4x + 5 > 0","","False","(-∞; +∞)"
"204","Неравенства","Решите неравенство: |x – 3| ≤ 5","","False","[-2; 8]"
"205","Неравенства","Решите неравенство: |2x + 1| > 3","","False","(-∞; -2) ∪ (1; +∞)"
"206","Неравенства","Решите неравенство: (x – 1)(x + 2)/(x – 3) ≤ 0","","False","(-∞; -2] ∪ [1; 3)"
"207","Неравенства","Решите неравенство: (x² – 4)/(x – 1) ≥ 0","","False","[-2; 1) ∪ [2; +∞)"
"208","Неравенства","Решите систему: { 2x – 1 > 0, 3x – 6 ≤ 0 }","","False","(0.5; 2]"
"209","Неравенства","Решите двойное неравенство: -2 ≤ (3x+1)/2 ≤ 4","","False","[-5/3; 7/3]"
"210","Неравенства","Решите неравенство: √(x+2) > x","","False","[-2; 2)"
"211","Неравенства","Решите неравенство: √(x+3) ≤ √(2x+1)","","False","[-3; 2]"
"212","Неравенства","Решите неравенство: 2^(x+1) ≤ 8","","False","(-∞; 2]"
"213","Неравенства","Решите неравенство: (1/3)^(2x) > 1/9","","False","(-∞; 1)"
"214","Неравенства","Решите неравенство: log₂ (x-1) ≤ 3","","False","(1; 9]"
"215","Неравенства","Решите неравенство: log₀,₅ (2x-3) ≥ -1","","False","(1.5; 2.5]"
"216","Неравенства","Решите неравенство: log_x (x+2) > 1","","False","(0;1) ∪ (2;+∞)"
"217","Неравенства","Решите неравенство: log₂ (x-1) + log₂ (x-2) ≤ 1","","False","(2; 3]"
"218","Неравенства","Решите неравенство: 5^(log₅ (x²-4x)) ≤ 4","","False","[-1; 0) ∪ (4; 5]"
"219","Неравенства","Решите неравенство: sin x ≤ 1/2 на промежутке [0; 2π]","","False","[0; π/6] ∪ [5π/6; 2π]"
"220","Неравенства","Решите неравенство: |x|/(x-2) ≥ 0","","False","(-∞; 0] ∪ (2; +∞)"
"221","Неравенства","Решите неравенство: x⁴ – 13x² + 36 ≥ 0","","False","(-∞; -3] ∪ [-2; 2] ∪ [3; +∞)"
"222","Неравенства","При всех значениях параметра a решите неравенство: ax > 3","","False","a=0: нет решений; a>0: (3/a; +∞); a<0: (-∞; 3/a)"
"223","Неравенства","Решите неравенство: √(x² – 3x + 2) < √(2x – 3)","","False","[2; 5/2)"
"224","Неравенства","Решите неравенство: 4^x – 3·2^x + 2 ≤ 0","","False","[0; 1]"
"225","Неравенства","Решите неравенство: |log₂ x| ≤ 1","","False","[0.5; 2]"
"226","Неравенства","Решите неравенство: (x+2)/(x-3) ≤ 1","","False","(-∞; 3)"
"227","Неравенства","Решите систему: { |x-2| ≤ 2, x² – 3x > 0 }","","False","(3; 4]"
"228","Неравенства","Найдите все a, при которых неравенство √(x+1) > a – x имеет решение на [-1;0]","","False","(-∞; √2)"
"229","Неравенства","Решите неравенство: 3^(x+2) – 3^(x) < 24","","False","(-∞; 1)"
"230","Неравенства","Решите неравенство: log₀,₂ (x² + 3x) ≥ -1","","False","[-5; -4) ∪ (1; 2]"
"231","Прогрессии","В арифметической прогрессии первый член равен 5, разность равна 3. Найдите седьмой член прогрессии.","","False","23"
"232","Прогрессии","В геометрической прогрессии первый член равен 4, знаменатель равен 2. Найдите пятый член прогрессии.","","False","64"
"233","Прогрессии","Дана арифметическая прогрессия: 3, 7, 11, ... . Найдите сумму первых десяти членов.","","False","210"
"234","Прогрессии","Сумма второго и четвёртого членов арифметической прогрессии равна 14, а седьмой член в два раза больше третьего. Найдите разность прогрессии.","","False","2"
"235","Прогрессии","Три числа образуют геометрическую прогрессию. Их произведение равно 216. Найдите среднее число.","","False","6"
"236","Прогрессии","Найдите сумму бесконечно убывающей геометрической прогрессии: 9, -3, 1, -1/3, ...","","False","27/4"
"237","Прогрессии","В арифметической прогрессии a1 = 2, a5 = 10. Найдите a3.","","False","6"
"238","Прогрессии","Геометрическая прогрессия задана условиями: b1 = 3, b_{n+1} = 2*b_n. Найдите b6.","","False","96"
"239","Прогрессии","Сумма первых трёх членов арифметической прогрессии равна 15, а сумма первых пяти членов равна 35. Найдите первый член.","","False","3"
"240","Прогрессии","Между числами 2 и 54 вставьте два числа так, чтобы получилась геометрическая прогрессия. Найдите эти числа.","","False","6 и 18"
"241","Прогрессии","Сумма второго и пятого членов арифметической прогрессии равна 18, а произведение третьего и четвёртого равно 80. Найдите разность прогрессии (отрицательную).","","False","-2"
"242","Прогрессии","Знаменатель геометрической прогрессии равен -2, а сумма первых трёх членов равна 21. Найдите первый член.","","False","7"
"243","Прогрессии","Сколько членов арифметической прогрессии 12, 16, 20, ... нужно взять, чтобы их сумма равнялась 360?","","False","12"
"244","Прогрессии","В геометрической прогрессии b1 = 6, b4 = 48. Найдите знаменатель прогрессии.","","False","2"
"245","Прогрессии","Три числа, образующие арифметическую прогрессию, в сумме дают 21. Если к ним прибавить соответственно 2, 3 и 9, то получатся три числа, образующие геометрическую прогрессию. Найдите исходные числа.","","False","5,7,9"
"246","Прогрессии","Сумма бесконечно убывающей геометрической прогрессии равна 8, а сумма квадратов её членов равна 32. Найдите первый член и знаменатель.","","False","4 и 0.5"
"247","Прогрессии","Арифметическая прогрессия задана формулой a_n = 4n - 3. Найдите сумму членов с 5-го по 10-й включительно.","","False","124"
"248","Прогрессии","В геометрической прогрессии произведение первого и третьего членов равно 16, а третий член больше первого на 6. Найдите первый член и знаменатель (оба положительные).","","False","2 и 2"
"249","Прогрессии","Три числа составляют арифметическую прогрессию. Если среднее число увеличить на 1, то получится геометрическая прогрессия. Найдите исходные числа, если их сумма равна 9.","","False","2,3,4"
"250","Прогрессии","Найдите сумму всех натуральных трёхзначных чисел, кратных 5.","","False","98550"
"251","Прогрессии","В арифметической прогрессии a1 = -10, a5 = 2. Найдите сумму первых десяти членов.","","False","-10"
"252","Прогрессии","Геометрическая прогрессия состоит из шести членов. Сумма первых трёх равна 28, сумма последних трёх равна 224. Найдите первый член и знаменатель.","","False","4 и 2"
"253","Прогрессии","В арифметической прогрессии a3 + a7 = 24, a5 * a9 = 135. Найдите a1 и разность (положительную).","","False","3 и 2"
"254","Прогрессии","Бесконечно убывающая геометрическая прогрессия с первым членом 8 и знаменателем 1/2. Найдите сумму всех её членов.","","False","16"
"255","Прогрессии","Стороны прямоугольного треугольника образуют арифметическую прогрессию с разностью 1. Найдите стороны треугольника.","","False","3,4,5"
"256","Прогрессии","Найдите трёхзначное число, цифры которого образуют геометрическую прогрессию, а само число делится на 8.","","False","864"
"257","Прогрессии","В арифметической прогрессии сумма первого и пятого членов равна 8, а произведение второго и четвёртого равно 12. Найдите шестой член.","","False","11"
"258","Прогрессии","В геометрической прогрессии b1 = 5, сумма первых четырёх членов равна 125. Найдите знаменатель (отличный от 1).","","False","2"
"259","Прогрессии","Логарифмы членов геометрической прогрессии (положительной) образуют арифметическую прогрессию. Укажите разность этой арифметической прогрессии через знаменатель геометрической.","","False","lg q"
"260","Прогрессии","Сумма первого, третьего и пятого членов арифметической прогрессии равна 24, а произведение второго и четвёртого равно 48. Найдите разность прогрессии.","","False","2 или -2"
"261","Тригонометрия","Вычислите: sin 30° + cos 60°","","False","1"
"262","Тригонометрия","Найдите значение выражения: tg 45° – 2 sin 90°","","False","-1"
"263","Тригонометрия","Решите уравнение: sin x = 1/2","","False","(-1)^k * π/6 + πk, k∈Z"
"264","Тригонометрия","Решите уравнение: cos x = –√2/2","","False","±3π/4 + 2πn, n∈Z"
"265","Тригонометрия","Вычислите: sin 120°","","False","√3/2"
"266","Тригонометрия","Упростите выражение: sin²α + cos²α","","False","1"
"267","Тригонометрия","Найдите tg α, если sin α = 0.6 и α ∈ (π/2; π)","","False","-0.75"
"268","Тригонометрия","Решите уравнение: 2 cos x – 1 = 0","","False","±π/3 + 2πn, n∈Z"
"269","Тригонометрия","Вычислите: arccos 0","","False","π/2"
"270","Тригонометрия","Упростите выражение: (1 – cos²α)/sin²α","","False","1"
"271","Тригонометрия","Решите уравнение: tg x = √3","","False","π/3 + πn, n∈Z"
"272","Тригонометрия","Найдите значение sin 75° (используя формулу суммы)","","False","(√6+√2)/4"
"273","Тригонометрия","Решите уравнение: sin 2x = 1","","False","π/4 + πn, n∈Z"
"274","Тригонометрия","Вычислите: cos 150°","","False","-√3/2"
"275","Тригонометрия","Упростите: sin(π/2 + α)","","False","cos α"
"276","Тригонометрия","Решите неравенство: sin x > 0 на промежутке [0; 2π]","","False","(0; π)"
"277","Тригонометрия","Найдите область определения функции y = tg x","","False","x ≠ π/2 + πk, k∈Z"
"278","Тригонометрия","Вычислите: arcsin(-1/2)","","False","-π/6"
"279","Тригонометрия","Решите уравнение: cos 2x = 0","","False","π/4 + πn/2, n∈Z"
"280","Тригонометрия","Найдите значение выражения: sin(π/3) · cos(π/6) – cos(π/3) · sin(π/6)","","False","1/2"
"281","Тригонометрия","Докажите тождество: sin²α – cos²α = –cos 2α. В ответе укажите правую часть.","","False","-cos 2α"
"282","Тригонометрия","Решите уравнение: 2sin² x – sin x – 1 = 0","","False","π/2 + 2πn; (-1)^(k+1)π/6 + πk, n,k∈Z"
"283","Тригонометрия","Вычислите: tg 300°","","False","-√3"
"284","Тригонометрия","Упростите выражение: (sin α + cos α)² – sin 2α","","False","1"
"285","Тригонометрия","Решите уравнение: sin x = –1","","False","-π/2 + 2πn, n∈Z"
"286","Тригонометрия","Найдите наименьший положительный период функции y = sin 3x","","False","2π/3"
"287","Тригонометрия","Вычислите: cos(arctg 1)","","False","√2/2"
"288","Тригонометрия","Решите уравнение: sin x = cos x","","False","π/4 + πn, n∈Z"
"289","Тригонометрия","Найдите значение выражения: 2 sin 15° cos 15°","","False","1/2"
"290","Тригонометрия","Упростите: (1 – tg²α)/(1 + tg²α)","","False","cos 2α"
"291","Уравнения","Решите уравнение: 5x - 7 = 2x + 8","","False","5"
"292","Уравнения","Решите уравнение: x^2 - 5x + 6 = 0","","False","2;3"
"293","Уравнения","Решите уравнение: (x-3)(x+4)=0","","False","-4;3"
"294","Уравнения","Решите уравнение: |2x-1|=3","","False","-1;2"
"295","Уравнения","Решите уравнение: sqrt(x+2)=4","","False","14"
"296","Уравнения","Решите уравнение: 3^x=27","","False","3"
"297","Уравнения","Решите уравнение: log2(x+1)=3","","False","7"
"298","Уравнения","Решите уравнение: sin x=0","","False","pi*n, n in Z"
"299","Уравнения","Решите уравнение: 2cos x=1","","False","±pi/3+2pi*n, n in Z"
"300","Уравнения","Решите уравнение: x^4-5x^2+4=0","","False","-2;-1;1;2"
"301","Уравнения","Решите уравнение: (2x+1)/(x-3)=1","","False","4"
"302","Уравнения","Решите уравнение: sqrt(3x+1)=x-1","","False","5"
"303","Уравнения","Решите уравнение: 4^x-3*2^x+2=0","","False","0;1"
"304","Уравнения","Решите уравнение: log3(x-2)+log3(x+2)=log3(5x)","","False","5"
"305","Уравнения","Решите уравнение: tg x=1","","False","pi/4+pi*n, n in Z"
"306","Уравнения","Решите систему: {x+y=7, x-y=1}","","False","(4;3)"
"307","Уравнения","Решите уравнение: |x^2-4|=0","","False","-2;2"
"308","Уравнения","Решите уравнение: 2sin^2 x - sin x -1=0","","False","pi/2+2pi*n; (-1)^(k+1)pi/6+pi*k"
"309","Уравнения","Решите уравнение: log5(2x-3)=log5(x+4)","","False","7"
"310","Уравнения","Решите уравнение: sqrt(x+5)-sqrt(x-3)=2","","False","4"
"311","Уравнения","Решите уравнение: 9^x-4*3^x+3=0","","False","0;1"
"312","Уравнения","Решите уравнение: cos 2x=1/2","","False","±pi/6+pi*n, n in Z"
"313","Уравнения","Решите уравнение: (x^2-4x+3)/(x-1)=0","","False","3"
"314","Уравнения","Решите уравнение: 2^(x+2)=64","","False","4"
"315","Уравнения","Решите уравнение: ln(x-1)=0","","False","2"
"316","Уравнения","Решите уравнение: sin 2x = cos x","","False","pi/2+pi*n; (-1)^k pi/6+pi*k"
"317","Уравнения","Решите уравнение: sqrt(2x+3)=x","","False","3"
"318","Уравнения","Решите уравнение: log0.5(x^2+x)=-1","","False","-2;1"
"319","Уравнения","Решите уравнение: 3^x=5","","False","log3(5)"
"320","Уравнения","Решите уравнение: 2x^3-5x^2-2x+5=0","","False","-1;1;2.5"
"321","Уравнения","Решите уравнение: |x-3|+|x+2|=5","","False","[-2;3]"
"322","Уравнения","Решите уравнение: 2sin^2 x+3cos x=0","","False","±2pi/3+2pi*n, n in Z"
"323","Уравнения","Решите уравнение: 4^x+2^(x+1)-8=0","","False","1"
"324","Уравнения","Решите уравнение: log2(x^2-4x)=log2(3x-10)","","False","5"
"325","Уравнения","Решите систему: {xy=8, x^2+y^2=20}","","False","(2;4);(4;2);(-2;-4);(-4;-2)"
"326","Уравнения","Решите уравнение: sqrt(x+1)+sqrt(x-4)=5","","False","8"
"327","Уравнения","Решите уравнение: 2^(x^2-4)=1","","False","-2;2"
"328","Уравнения","Решите уравнение: cos x=-1/2","","False","±2pi/3+2pi*n, n in Z"
"329","Уравнения","Решите уравнение: log3(x-1)-log3(x-2)=1","","False","2.5"
"330","Уравнения","Решите уравнение: (x^2-3x+2)/(x-2)=0","","False","1"
"331","Уравнения","Решите уравнение: 5^x-5^(x-2)=24","","False","2"
"332","Уравнения","Решите уравнение: sin x+cos x=1","","False","2pi*n; pi/2+2pi*n"
"333","Уравнения","Решите уравнение: log4(x+3)+log4(x-1)=1","","False","-1+2*sqrt(2)"
"334","Уравнения","Решите уравнение: 3^(2x)-4*3^x+3=0","","False","0;1"
"335","Уравнения","Решите уравнение: sqrt(x^2+x+1)=x+2","","False","-1"
"336","Производная","Найдите производную функции: f(x) = 3x² - 5x + 2","","False","6x-5"
"337","Производная","Найдите производную функции: f(x) = sin x + cos x","","False","cos x - sin x"
"338","Производная","Найдите производную функции: f(x) = e^x + ln x","","False","e^x + 1/x"
"339","Производная","Найдите производную функции: f(x) = x³ * ln x","","False","x^2*(3 ln x +1)"
"340","Производная","Найдите значение производной функции f(x)=x²-4x в точке x=3","","False","2"
"341","Производная","Найдите угловой коэффициент касательной к графику функции f(x)=x²+2x в точке x=1","","False","4"
"342","Производная","Составьте уравнение касательной к графику f(x)=x² в точке x=1","","False","y=2x-1"
"343","Производная","Найдите производную функции: f(x) = 5/x","","False","-5/x^2"
"344","Производная","Найдите производную функции: f(x) = (2x+1)^5","","False","10(2x+1)^4"
"345","Производная","Точка движется по закону s(t)=t²-4t+3 (s в метрах, t в секундах). Найдите мгновенную скорость в момент t=2","","False","0"
"346","Производная","Найдите вторую производную функции f(x)=x³-3x²+2x","","False","6x-6"
"347","Производная","Найдите производную функции: f(x) = tg x","","False","1/cos^2 x"
"348","Производная","Найдите производную функции: f(x) = x * e^x","","False","e^x (x+1)"
"349","Производная","Найдите угол наклона касательной к графику f(x)=√x в точке x=1 (в градусах)","","False","45"
"350","Производная","Найдите производную функции: f(x) = ln(3x+1)","","False","3/(3x+1)"
"351","Производная","Исследуйте функцию f(x)=x²-4x на монотонность. Укажите промежуток возрастания.","","False","[2;+∞)"
"352","Производная","Найдите точку экстремума функции f(x)=x²-6x+5","","False","3"
"353","Производная","Найдите наибольшее значение функции f(x)=x²-4x+5 на отрезке [0;3]","","False","5"
"354","Производная","Найдите производную функции: f(x) = cos(2x)","","False","-2 sin(2x)"
"355","Производная","Найдите производную функции: f(x) = (x²+1)/(x-1)","","False","(x^2 -2x -1)/(x-1)^2"
"356","Производная","К графику функции f(x)=x³-3x проведена касательная с угловым коэффициентом 9. Найдите абсциссу точки касания.","","False","2 или -2"
"357","Производная","Найдите производную функции: f(x) = arcsin x","","False","1/√(1-x^2)"
"358","Производная","Найдите производную функции: f(x) = 3^(x)","","False","3^x ln 3"
"359","Производная","Найдите производную функции: f(x) = log_5 x","","False","1/(x ln 5)"
"360","Производная","Точка движется по закону s(t)=t³-6t². В какой момент времени ускорение точки равно нулю?","","False","2"
"361","Производная","Найдите производную функции: f(x) = e^(2x) * sin x","","False","e^(2x)(2 sin x + cos x)"
"362","Производная","Найдите тангенс угла наклона касательной к графику f(x)=ln x в точке x=1","","False","1"
"363","Производная","Функция f(x)=x³+ax²+bx имеет экстремум в точках x=-1 и x=2. Найдите a и b.","","False","a=-1.5, b=-6"
"364","Производная","Найдите производную функции: f(x) = √(x^2+1)","","False","x/√(x^2+1)"
"365","Производная","Дана функция f(x)=x³-3x+1. Найдите сумму абсцисс точек экстремума.","","False","0"
"366","Сплавы и растворы","Смешали 200 г 10%-го раствора соли и 300 г 20%-го раствора той же соли. Найдите концентрацию полученного раствора.","","False","16%"
"367","Сплавы и растворы","Имеется два сплава золота и серебра. В первом сплаве отношение золота к серебру 1:4, во втором 2:3. Сколько килограммов первого сплава нужно взять, чтобы получить 15 кг нового сплава, содержащего 30% золота?","","False","5 кг"
"368","Сплавы и растворы","К 5 кг 25%-го раствора кислоты добавили 15 кг воды. Какова концентрация кислоты в новом растворе?","","False","6.25%"
"369","Сплавы и растворы","Имеется 12 кг сплава меди с оловом, содержащего 45% меди. Сколько чистого олова нужно добавить, чтобы получить сплав с 30% меди?","","False","6 кг"
"370","Сплавы и растворы","Смешали 40%-й и 70%-й растворы соляной кислоты, получив 600 г 60%-го раствора. Сколько граммов каждого раствора взяли?","","False","200 г и 400 г"
"371","Сплавы и растворы","В 100 г 15%-го раствора сахара добавили 25 г сахара. Найдите процентную концентрацию полученного раствора.","","False","32%"
"372","Сплавы и растворы","Два сплава, первый весит 5 кг и содержит 20% цинка, второй весит 3 кг и содержит 50% цинка. Их сплавили. Сколько процентов цинка в полученном сплаве?","","False","31.25%"
"373","Сплавы и растворы","Имеется 400 г 5%-го раствора соли. Сколько воды нужно выпарить, чтобы получить 10%-й раствор?","","False","200 г"
"374","Сплавы и растворы","Первый раствор содержит 30% соли, второй – 50% соли. Смешали 10 кг первого и 15 кг второго. Найдите массовую долю соли в смеси.","","False","42%"
"375","Сплавы и растворы","В сплаве меди и свинца 60% меди. К 10 кг этого сплава добавили 5 кг свинца. Найдите процентное содержание меди в новом сплаве.","","False","40%"
"376","Сплавы и растворы","Смешали 8 литров 15%-го водного раствора некоторого вещества с 12 литрами 40%-го раствора этого же вещества. Сколько процентов составляет концентрация получившегося раствора?","","False","30%"
"377","Сплавы и растворы","Сплав массой 8 кг содержит 30% никеля. Сколько килограммов никеля нужно добавить, чтобы новый сплав содержал 40% никеля?","","False","1.333... (4/3) кг"
"378","Сплавы и растворы","Имеется два сосуда с 10%-м и 25%-м растворами кислоты. Сколько нужно взять каждого раствора, чтобы получить 50 литров 16%-го раствора?","","False","30 л и 20 л"
"379","Сплавы и растворы","К 120 г 70%-й уксусной кислоты добавили 80 г воды. Какова концентрация полученной кислоты?","","False","42%"
"380","Сплавы и растворы","Сплав состоит из олова и сурьмы. Масса олова в сплаве составляет 40% от массы сурьмы. Какова массовая доля олова в сплаве?","","False","28.57% (или 2/7)"
"381","Сплавы и растворы","Из бака, заполненного 800 л 25%-го раствора соли, отлили 200 л и долили 200 л воды. Какой концентрации стал раствор?","","False","18.75%"
"382","Сплавы и растворы","Имеется кусок сплава меди с оловом массой 12 кг, содержащий 45% меди. Сколько чистого олова нужно добавить, чтобы содержание меди стало 30%?","","False","6 кг"
"383","Сплавы и растворы","Смешали 300 г 20%-го раствора и 200 г 10%-го раствора серной кислоты. Найдите массовую долю кислоты в смеси.","","False","16%"
"384","Сплавы и растворы","В сплаве золота и серебра золото составляет 60%. Сколько граммов серебра нужно добавить к 40 г этого сплава, чтобы получить сплав с 40% золота?","","False","20 г"
"385","Сплавы и растворы","Имеется 600 г раствора, содержащего 15% соли. Сколько граммов воды нужно добавить, чтобы получился 10%-й раствор?","","False","300 г"
"386","Сплавы и растворы","Два сплава, один содержит 20% олова, другой – 40% олова. Сколько килограммов каждого сплава нужно взять, чтобы получить 30 кг сплава с 32% олова?","","False","12 кг и 18 кг"
"387","Сплавы и растворы","В лаборатории имеется 500 г 70%-й уксусной кислоты. Сколько воды необходимо добавить, чтобы получить 5%-й раствор?","","False","6500 г"
"388","Сплавы и растворы","К 5 кг 30%-го раствора серной кислоты добавили 2 кг чистой воды. Какова новая концентрация?","","False","21.43% (150/7%)"
"389","Сплавы и растворы","В сплаве меди и цинка содержится 30% цинка. Какова масса сплава, если меди в нём на 12 кг больше, чем цинка?","","False","30 кг"
"390","Сплавы и растворы","Смешали 4 литра 35%-го раствора марганцовки и 6 литров 15%-го раствора. Найдите концентрацию полученного раствора.","","False","23%"
"391","Сплавы и растворы","Из 40 т руды, содержащей 45% железа, после обогащения получили 30 т руды с новым содержанием железа. Сколько процентов железа в обогащённой руде, если потери железа при обогащении составили 10%?","","False","54%"
"392","Сплавы и растворы","Имеется два раствора кислоты: 5% и 15%. Их смешали и получили 400 г 12% раствора. Сколько граммов 5% раствора было взято?","","False","120 г"
"393","Сплавы и растворы","К 200 г 25% раствора соли добавили 50 г соли. Найдите процентное содержание соли в новом растворе.","","False","40%"
"394","Сплавы и растворы","Сплав меди и алюминия массой 20 кг содержит 65% меди. Сколько килограммов алюминия нужно добавить, чтобы содержание меди стало 40%?","","False","12.5 кг"
"395","Сплавы и растворы","В сосуд, содержащий 5 литров 12% водного раствора некоторого вещества, добавили 7 литров воды. Сколько процентов составляет концентрация получившегося раствора?","","False","5%"
"396","Текстовые задачи","Автомобиль проехал 180 км за 3 часа. Найдите его скорость в км/ч. Ответ дайте числом.","","True","60"
"397","Текстовые задачи","Два автомобиля выехали навстречу друг другу из двух городов, расстояние между которыми 600 км. Скорость первого 70 км/ч, второго 80 км/ч. Через сколько часов они встретятся? Ответ дайте числом.","","True","4"
"398","Текстовые задачи","Катер прошёл 48 км по течению реки за 3 часа. Найдите скорость катера в стоячей воде (в км/ч), если скорость течения 2 км/ч. Ответ дайте числом.","","False","14"
"399","Текстовые задачи","Лодка проплыла 30 км против течения за 5 часов. Скорость течения 2 км/ч. Найдите собственную скорость лодки в км/ч. Ответ дайте числом.","","False","8"
"400","Текстовые задачи","Моторная лодка прошла 56 км по течению и 24 км против течения, затратив на весь путь 5 часов. Скорость течения 2 км/ч. Найдите скорость лодки в стоячей воде в км/ч. Ответ дайте числом.","","False","14"
"401","Текстовые задачи","Первый рабочий выполняет заказ за 6 часов, второй – за 4 часа. За сколько часов они выполнят заказ, работая вместе? Ответ дайте числом (десятичная дробь).","","False","2.4"
"402","Текстовые задачи","Одна труба наполняет бассейн за 5 часов, другая – за 3 часа. За сколько часов наполнится бассейн, если открыть обе трубы одновременно? Ответ дайте числом (десятичная дробь).","","False","1.875"
"403","Текстовые задачи","Автомобиль проехал первую половину пути со скоростью 50 км/ч, а вторую – со скоростью 70 км/ч. Найдите среднюю скорость на всём пути в км/ч. Ответ округлите до сотых.","","False","58.33"
"404","Текстовые задачи","Из пункта А в пункт В вышел пешеход со скоростью 5 км/ч. Через 2 часа вслед за ним выехал велосипедист со скоростью 15 км/ч. Через сколько часов велосипедист догонит пешехода? Ответ дайте числом.","","False","1"
"405","Текстовые задачи","Теплоход проходит по течению реки 120 км за 4 часа, а против течения – 120 км за 5 часов. Найдите скорость течения в км/ч. Ответ дайте числом.","","False","3"
"406","Текстовые задачи","Две бригады, работая вместе, выполняют работу за 12 дней. Первая бригада одна могла бы выполнить эту работу за 20 дней. За сколько дней вторая бригада выполнит эту работу одна? Ответ дайте числом.","","False","30"
"407","Текстовые задачи","Из двух городов, расстояние между которыми 450 км, одновременно навстречу друг другу выехали два автомобиля и встретились через 3 часа. Скорость одного на 10 км/ч больше другого. Найдите меньшую скорость в км/ч. Ответ дайте числом.","","False","70"
"408","Текстовые задачи","Катер проплыл 30 км по течению и 30 км против течения, затратив на весь путь 5.5 часа. Скорость катера в стоячей воде 12 км/ч. Найдите скорость течения в км/ч. Ответ дайте числом.","","False","2"
"409","Текстовые задачи","На выполнение заказа первый рабочий тратит на 2 часа меньше, чем второй. Работая вместе, они выполняют заказ за 2.4 часа. За сколько часов выполнит заказ второй рабочий один? Ответ дайте числом.","","False","6"
"410","Текстовые задачи","Скорость велосипедиста на 20 км/ч больше скорости пешехода. Расстояние от города до деревни велосипедист проезжает за 2 часа, а пешеход проходит за 6 часов. Найдите скорость пешехода в км/ч. Ответ дайте числом.","","False","10"
"411","Текстовые задачи","Два поезда вышли одновременно навстречу друг другу из двух городов, расстояние между которыми 720 км. Скорость одного 80 км/ч, другого 100 км/ч. Через сколько часов расстояние между ними станет 120 км? Ответ дайте числом.","","False","3"
"412","Текстовые задачи","Бассейн наполняется первой трубой за 4 часа, второй – за 6 часов. За сколько часов наполнится бассейн, если открыть обе трубы, а через 2 часа первую закрыть? Ответ дайте числом.","","False","3"
"413","Текстовые задачи","Моторная лодка спустилась по течению на 36 км и вернулась обратно, затратив на весь путь 5 часов. Скорость течения 3 км/ч. Найдите скорость лодки в стоячей воде в км/ч. Ответ дайте числом.","","False","15"
"414","Текстовые задачи","Первая бригада может выполнить работу за 10 дней, вторая – за 15 дней. После 3 дней совместной работы первая бригада ушла, а вторая завершила работу. Сколько дней всего работала вторая бригада? Ответ дайте числом (десятичная дробь).","","False","7.5"
"415","Текстовые задачи","Из пункта А в пункт В выехал грузовик со скоростью 60 км/ч. Через 1 час из А в том же направлении выехал легковой автомобиль со скоростью 80 км/ч. На каком расстоянии от А (в км) легковой автомобиль догонит грузовик? Ответ дайте числом.","","False","240"
"416","Текстовые задачи","Плот проплывает расстояние между двумя пристанями по течению за 15 часов, а лодка против течения – за 5 часов. За сколько часов лодка проплывёт это же расстояние по течению? Ответ дайте числом (десятичная дробь).","","False","3"
"417","Текстовые задачи","Двое рабочих, работая вместе, выполняют заказ за 6 дней. Первый рабочий, работая один, выполняет заказ на 5 дней быстрее, чем второй. За сколько дней выполнит заказ первый рабочий один? Ответ дайте числом.","","False","10"
"418","Текстовые задачи","Товарный поезд проезжает расстояние между городами за 12 часов, а пассажирский – за 8 часов. Через сколько часов они встретятся, если выедут одновременно навстречу друг другу? Ответ дайте числом (десятичная дробь).","","False","4.8"
"419","Текстовые задачи","Катер прошел 40 км по течению и 24 км против течения, затратив на весь путь 4 часа. Скорость течения 3 км/ч. Найдите скорость катера в км/ч. Ответ дайте числом.","","False","15"
"420","Текстовые задачи","На экскаваторе вырыли траншею за 12 часов. Второй экскаватор вырыл бы эту траншею за 8 часов. За сколько часов выроют траншею оба экскаватора, работая вместе? Ответ дайте числом (десятичная дробь).","","False","4.8"
"421","Текстовые задачи","Из двух пунктов, расстояние между которыми 240 км, выехали навстречу друг другу мотоциклист и велосипедист. Скорость мотоциклиста на 20 км/ч больше скорости велосипедиста. Встретились через 3 часа. Найдите скорость велосипедиста в км/ч. Ответ дайте числом.","","False","30"
"422","Текстовые задачи","Лодка проплыла 36 км по течению и 36 км против течения, затратив на весь путь 7.5 часов. Скорость лодки в стоячей воде 10 км/ч. Найдите скорость течения в км/ч. Ответ дайте числом.","","False","2"
"423","Текстовые задачи","Два токаря вместе изготовили 220 деталей. Первый работал 5 дней, второй – 4 дня. Сколько деталей в день изготавливал первый, если второй изготавливал на 5 деталей больше? Ответ дайте числом.","","False","20"
"424","Текстовые задачи","Расстояние между пристанями А и В равно 120 км. Теплоход проходит от А до В по течению за 3 часа, а обратно за 5 часов. Найдите скорость течения в км/ч. Ответ дайте числом.","","False","8"
"425","Текстовые задачи","Два экскаватора, работая одновременно, вырыли котлован за 4 часа. Один первый экскаватор может вырыть этот котлован за 6 часов. За сколько часов выроет котлован второй экскаватор? Ответ дайте числом.","","False","12"
"426","Текстовые задачи","Автомобиль проехал путь из А в В со скоростью 60 км/ч, а возвращался со скоростью 40 км/ч. Найдите среднюю скорость автомобиля на всём пути в км/ч. Ответ дайте числом.","","False","48"
"427","Текстовые задачи","Из одной точки в противоположных направлениях выехали два автомобиля. Через 2 часа расстояние между ними стало 300 км. Скорость одного на 10 км/ч больше другого. Найдите меньшую скорость в км/ч. Ответ дайте числом.","","False","70"
"428","Текстовые задачи","Первая труба наполняет бассейн за 3 часа, вторая – за 5 часов. За сколько часов наполнится бассейн, если сначала 1 час работала первая труба, затем открыли вторую? Ответ дайте числом (десятичная дробь).","","False","2.5"
"429","Текстовые задачи","Катер по течению реки прошёл 60 км за 2 часа, а против течения – 60 км за 3 часа. Найдите скорость течения в км/ч. Ответ дайте числом.","","False","5"
"430","Текстовые задачи","Две бригады работали на уборке урожая. Первая бригада убрала 120 га, вторая – 150 га. Первая работала на 2 дня меньше, чем вторая. Найдите производительность каждой бригады (га в день), если они убирали одинаковую площадь в день. Ответ дайте числом.","","False","15"
"431","Текстовые задачи","Моторная лодка прошла 48 км по течению и 42 км против течения, затратив на путь по течению на 1 час меньше, чем против течения. Скорость течения 3 км/ч. Найдите скорость лодки в стоячей воде в км/ч. Ответ дайте числом.","","False","15"
"432","Текстовые задачи","Первый рабочий за час делает 5 деталей, второй – 4 детали. Сколько деталей они сделают вместе за 3 часа? Ответ дайте числом.","","False","27"
"433","Текстовые задачи","Из двух городов, расстояние между которыми 640 км, одновременно навстречу друг другу вышли два поезда и встретились через 5 часов. Скорость одного на 8 км/ч меньше другого. Найдите меньшую скорость в км/ч. Ответ дайте числом.","","False","60"
"434","Текстовые задачи","Лодка проплыла 28 км по течению и 18 км против течения, затратив на весь путь 5 часов. Собственная скорость лодки 10 км/ч. Найдите скорость течения в км/ч. Ответ дайте числом.","","False","2"
"435","Текстовые задачи","Два крана, работая вместе, разгрузили баржу за 4 часа. Один первый кран разгружает баржу за 6 часов. За сколько часов разгрузит баржу второй кран? Ответ дайте числом.","","False","12"
"436","Текстовые задачи","Автомобиль ехал 2 часа по шоссе со скоростью 90 км/ч, затем 3 часа по грунтовой дороге со скоростью 50 км/ч. Найдите среднюю скорость в км/ч. Ответ дайте числом.","","False","66"
"437","Текстовые задачи","Из пункта А в пункт В вышел пешеход. Через 3 часа из А выехал велосипедист и догнал пешехода через 2 часа. Скорость велосипедиста 15 км/ч. Найдите скорость пешехода в км/ч. Ответ дайте числом.","","False","6"
"438","Текстовые задачи","Бассейн наполняется через первую трубу за 8 часов, через вторую – за 12 часов. Сначала открыли первую трубу на 2 часа, затем вторую. Через сколько часов после открытия второй трубы бассейн наполнится? Ответ дайте числом (десятичная дробь).","","False","3.6"
"439","Текстовые задачи","Катер прошёл 45 км по течению и 30 км против течения, затратив на весь путь 5 часов. Скорость течения 2 км/ч. Найдите скорость катера в км/ч. Ответ дайте числом.","","False","13"
"440","Текстовые задачи","Три экскаватора разной производительности вырыли котлован. Первый и второй работая вместе выроют за 6 часов, первый и третий – за 8 часов, второй и третий – за 12 часов. За сколько часов выроют котлован все три вместе? Ответ дайте числом.","","False","4"
"441","Текстовые задачи","Из двух пунктов, расстояние между которыми 200 км, одновременно навстречу друг другу выехали два велосипедиста. Скорость одного 12 км/ч, другого 14 км/ч. Какое расстояние (в км) будет между ними через 2 часа? Ответ дайте числом.","","False","148"
"442","Текстовые задачи","Плот плывёт по течению реки со скоростью 2 км/ч. Лодка проплывает расстояние между пристанями против течения за 4 часа, а по течению за 2 часа. Найдите собственную скорость лодки в км/ч. Ответ дайте числом.","","False","6"
"443","Текстовые задачи","Швейная мастерская получила заказ на пошив 240 костюмов. Первая бригада может выполнить заказ за 12 дней, вторая – за 15 дней. За сколько дней выполнят заказ обе бригады, работая вместе? Ответ округлите до сотых.","","False","6.67"
"444","Текстовые задачи","Автомобиль проехал первую часть пути со скоростью 40 км/ч, вторую – со скоростью 60 км/ч, причём времени затрачено поровну. Найдите среднюю скорость в км/ч. Ответ дайте числом.","","False","50"
"445","Текстовые задачи","Лодка прошла 48 км по течению и вернулась обратно, затратив на обратный путь на 2 часа больше. Скорость течения 2 км/ч. Найдите скорость лодки в стоячей воде в км/ч. Ответ дайте числом.","","False","10"
"446","Текстовые задачи","Два насоса, работая вместе, выкачивают воду из котлована за 3 часа. Первый насос один выкачивает за 4 часа. За сколько часов выкачает второй насос? Ответ дайте числом.","","False","12"
"447","Текстовые задачи","Из пункта А в пункт В, расстояние 120 км, выехал автомобиль. Через 1 час из В в А выехал мотоциклист. Они встретились через 2 часа после выезда мотоциклиста. Скорость автомобиля на 10 км/ч больше скорости мотоциклиста. Найдите скорость мотоциклиста в км/ч. Ответ дайте числом.","","False","30"
"448","Текстовые задачи","Первая труба заполняет бассейн за 6 часов, вторая – за 4 часа. За сколько часов заполнится бассейн, если открыть обе трубы, но через 1 час первую закрыть? Ответ дайте числом (десятичная дробь).","","False","2.5"
"449","Текстовые задачи","Моторная лодка против течения реки прошла 24 км за 2 часа, а по течению – 36 км за 2 часа. Найдите скорость течения в км/ч. Ответ дайте числом.","","False","3"
"450","Текстовые задачи","Два рабочих, работая вместе, изготовили 280 деталей. Первый работал 6 дней, второй – 5 дней. Сколько деталей в день изготавливал второй, если первый изготавливал на 5 деталей больше? Ответ дайте числом.","","False","20"
"451","Текстовые задачи","Турист прошёл 20 км по озеру, затем 30 км по реке, которая впадает в озеро, затратив на весь путь 5 часов. Скорость течения реки 2 км/ч. Найдите скорость туриста в стоячей воде в км/ч. Ответ дайте числом.","","False","10"
"452","Текстовые задачи","Две бригады, работая вместе, отремонтировали дорогу за 8 дней. Первая бригада одна могла бы отремонтировать за 12 дней. За сколько дней вторая бригада отремонтирует дорогу одна? Ответ дайте числом.","","False","24"
"453","Текстовые задачи","Катер прошёл 30 км по течению и 30 км против течения, затратив на весь путь 5.5 часов. Скорость катера в стоячей воде 11 км/ч. Найдите скорость течения в км/ч. Ответ дайте числом.","","False","1"
"454","Текстовые задачи","Из двух городов, расстояние между которыми 420 км, выехали навстречу два автомобиля. Скорость первого 60 км/ч, второго – 80 км/ч. Через сколько часов расстояние между ними станет 140 км? Ответ дайте числом.","","False","2"
"455","Текстовые задачи","Токарь должен был изготовить 120 деталей за определённое время. Изготавливая на 5 деталей в час больше, он закончил работу на 2 часа раньше. Сколько деталей в час он изготавливал по плану? Ответ дайте числом.","","False","15"
"456","Текстовые задачи","Первый пешеход вышел из пункта А со скоростью 4 км/ч. Через 2 часа из А в том же направлении вышел второй пешеход со скоростью 6 км/ч. Через сколько часов второй догонит первого? Ответ дайте числом.","","False","4"
"457","Текстовые задачи","Бассейн наполняется тремя трубами. Первая и вторая вместе наполняют за 4 часа, первая и третья – за 6 часов, вторая и третья – за 8 часов. За сколько часов наполнят бассейн все три трубы? Ответ округлите до сотых.","","False","3.43"
"458","Текстовые задачи","Моторная лодка прошла 50 км по течению и 30 км против течения, затратив на путь по течению на 1 час меньше. Скорость течения 2 км/ч. Найдите собственную скорость лодки в км/ч. Ответ дайте числом.","","False","12"
"459","Текстовые задачи","Одна бригада может выполнить работу за 9 дней, другая – за 12 дней. Первая бригада работала 3 дня, затем к ней присоединилась вторая. За сколько дней была выполнена вся работа? Ответ дайте числом.","","False","6"
"460","Текстовые задачи","Из пункта А в пункт В вышел поезд со скоростью 50 км/ч. Через 2 часа из В в А вышел другой поезд со скоростью 60 км/ч. Расстояние между А и В 600 км. Через сколько часов после выхода первого поезда они встретятся? Ответ дайте числом.","","False","6"
"461","Текстовые задачи","Катер проплыл 40 км по течению и 40 км против течения, затратив на путь против течения на 1 час больше. Скорость течения 2 км/ч. Найдите скорость катера в км/ч. Ответ дайте числом.","","False","18"
"462","Текстовые задачи","Два штукатура, работая вместе, отремонтировали квартиру за 4 дня. Первый штукатур один отремонтировал бы за 6 дней. За сколько дней отремонтировал бы второй? Ответ дайте числом.","","False","12"
"463","Текстовые задачи","Велосипедист проехал 60 км со скоростью 20 км/ч, затем 40 км со скоростью 10 км/ч. Найдите среднюю скорость в км/ч. Ответ округлите до сотых.","","False","13.33"
"464","Текстовые задачи","Лодка прошла 45 км по течению и 45 км против течения, затратив на весь путь 8 часов.                                         Скорость течения 3 км/ч. Найдите скорость лодки в км/ч. Ответ дайте числом.","","False","12"
"465","Текстовые задачи","Первый кран заполняет цистерну за 5 часов, второй – за 7 часов. За сколько часов заполнится цистерна, если открыть оба крана на 2 часа, затем закрыть первый? Ответ дайте числом (десятичная дробь).","","False","3.2"
"466","Текстовые задачи","Из пункта А выехал мотоциклист со скоростью 40 км/ч. Через 30 минут из того же пункта в том же направлении выехал автомобиль со скоростью 60 км/ч. На каком расстоянии от А (в км) автомобиль догонит мотоциклиста? Ответ дайте числом.","","False","60"
"467","Текстовые задачи","Две машины выехали одновременно из одного пункта в противоположных направлениях. Скорость первой 50 км/ч, второй – 70 км/ч. Через сколько часов расстояние между ними будет 360 км? Ответ дайте числом.","","False","3"
"468","Текстовые задачи","Теплоход прошёл 90 км по течению и 90 км против течения, затратив на путь против течения на 1 час больше. Скорость течения 3 км/ч. Найдите скорость теплохода в км/ч. Ответ дайте числом.","","False","27"
"469","Текстовые задачи","Двое рабочих выполнили работу за 6 часов. Если бы первый работал в 2 раза быстрее, а второй в 2 раза медленнее, то работа была бы выполнена за 4 часа. За сколько часов выполнил бы работу один первый рабочий? Ответ дайте числом.","","False","8"
"470","Текстовые задачи","Моторная лодка прошла 60 км по течению и 60 км против течения, затратив на весь путь 11 часов. Скорость лодки в стоячей воде 11 км/ч. Найдите скорость течения в км/ч. Ответ дайте числом.","","False","1"
"471","Текстовые задачи","Первая труба наполняет бак за 10 минут, вторая – за 15 минут. За сколько минут наполнится бак, если открыть обе трубы? Ответ дайте числом.","","False","6"
"472","Текстовые задачи","Из пункта А в пункт В, расстояние 300 км, выехал автомобиль. Через 1 час из В в А выехал мотоцикл. Они встретились через 2 часа после выезда мотоцикла. Скорость автомобиля на 20 км/ч больше скорости мотоцикла. Найдите скорость мотоцикла в км/ч. Ответ дайте числом.","","False","50"
"473","Текстовые задачи","Лодка проплыла 24 км по течению и 20 км против течения, затратив на путь по течению на 1 час меньше. Скорость течения 2 км/ч. Найдите скорость лодки в км/ч. Ответ дайте числом.","","False","8"
"474","Текстовые задачи","Два комбайна, работая вместе, убрали поле за 6 часов. Первый комбайн один убрал бы поле за 10 часов. За сколько часов убрал бы поле второй комбайн? Ответ дайте числом.","","False","15"
"475","Текстовые задачи","Поезд прошёл 120 км за 2 часа, затем 180 км за 3 часа. Найдите среднюю скорость в км/ч. Ответ дайте числом.","","False","60"
